{"cameraMode":{"drawMode":0,"name":"Shaded","section":"Shading Mode"},"sceneLighting":true,"audioPlay":false,"sceneViewState":{"showFog":true,"showMaterialUpdate":false,"showSkybox":true,"showFlares":true,"showImageEffects":true,"showParticleSystems":true},"in2DMode":false,"pivot":{"x":1.2384440898895264,"y":0.045143693685531619,"z":30.333833694458009},"rotation":{"x":0.16376300156116486,"y":-0.047056905925273898,"z":-0.007804159075021744,"w":-0.9853609204292297},"size":0.7051734328269959,"orthographic":false}